ts_ms,m,phase,val,pos,sps,rpm,pulses,sg,cs,cur_a,cur_b,stall,otpw,ot,ola,olb
11562,2,SPEED_SETTLE,300,0,0,271,36,14,25,236,73,0,0,0,1,1
11624,2,SPEED_SETTLE,300,64,2069,271,36,14,25,222,107,0,0,0,1,0
11684,2,SPEED_SETTLE,300,244,3980,271,36,14,25,222,107,0,0,0,1,0
11744,2,SPEED_SETTLE,300,541,5904,0,36,14,25,222,107,0,0,0,1,0
11804,2,SPEED_SETTLE,300,952,7866,0,36,60,25,230,90,0,0,0,1,0
11864,2,SPEED_SETTLE,300,1480,9779,0,36,60,25,230,90,0,0,0,1,0
11924,2,SPEED_SETTLE,300,2123,11713,0,36,60,25,230,90,0,0,0,1,0
11984,2,SPEED_SETTLE,300,2881,13582,0,36,98,25,158,-190,0,0,0,1,0
12044,2,SPEED_SETTLE,300,3754,15518,0,36,98,25,158,-190,0,0,0,1,0
12104,2,SPEED_SETTLE,300,4709,16000,0,36,98,25,158,-190,0,0,0,1,0
12169,2,SPEED_SETTLE,300,5750,16000,0,36,98,25,158,-190,0,0,0,1,0
12230,2,SPEED_SETTLE,300,6726,16000,23,37,132,25,164,-185,0,0,0,1,0
13271,2,SPEED_RATIO,300,23390,16000,75,38,136,25,-179,-172,0,0,0,1,0
20141,2,INERT_H,0,0,0,12,40,2,25,97,227,0,0,0,1,0
22386,2,KAT,1080,68667,57553,1090,60,470,25,-67,-239,0,0,0,1,0
24668,2,KAT,1080,155474,57553,1090,86,468,25,-228,97,0,0,0,1,0
26947,2,KAT,1080,242103,57553,1090,113,426,25,60,-240,0,0,0,1,0
30260,2,CS_HI,900,28358,57553,1090,128,456,25,-115,-219,0,0,0,1,0
30321,2,CS_HI,900,31867,57553,705,129,456,25,-115,-219,0,0,0,1,0
30381,2,CS_HI,900,35320,57553,705,129,456,25,-115,-219,0,0,0,1,0
30441,2,CS_HI,900,38773,57553,705,129,302,28,-58,240,0,0,0,1,0
30501,2,CS_HI,900,42227,57553,705,129,302,28,-58,240,0,0,0,1,0
30565,2,CS_HI,900,45912,57553,269,130,302,28,-58,240,0,0,0,1,0
30627,2,CS_HI,900,49479,57553,269,130,304,28,-37,244,0,0,0,1,0
30687,2,CS_HI,900,52931,57553,269,130,304,28,-37,244,0,0,0,1,0
30747,2,CS_HI,900,56385,57553,270,131,304,28,-37,244,0,0,0,1,0
30808,2,CS_HI,900,59896,57553,270,131,302,28,-37,244,0,0,0,1,0
30868,2,CS_HI,900,63349,57553,270,131,302,28,-229,-96,0,0,0,1,0
30928,2,CS_HI,900,66802,57553,270,131,302,28,-229,-96,0,0,0,1,0
30988,2,CS_HI,900,70255,57553,269,132,302,28,-229,-96,0,0,0,1,0
31048,2,CS_HI,900,73709,57553,269,132,300,28,167,-182,0,0,0,1,0
35564,2,COAST,0,25637,21333,400,144,360,25,-96,-229,0,0,0,1,0
35625,2,COAST,0,26931,21333,400,144,360,25,-96,-229,0,0,0,1,0
35685,2,COAST,0,28211,21333,400,144,360,25,-96,-229,0,0,0,1,0
35745,2,COAST,0,29491,21333,400,144,342,25,-172,178,0,0,0,1,0
35805,2,COAST,0,30771,21333,400,144,342,25,-172,178,0,0,0,1,0
35865,2,COAST,0,32051,21333,400,144,342,25,-172,178,0,0,0,1,0
35926,2,COAST,0,33352,21333,400,144,342,25,-172,178,0,0,0,1,0
35986,2,COAST,0,34632,21333,400,144,342,25,-65,-239,0,0,0,1,0
36045,2,COAST,0,35900,21333,400,144,342,25,-65,-239,0,0,0,1,0
36107,2,COAST,0,37214,21333,400,144,342,25,-65,-239,0,0,0,1,0
36168,2,COAST,0,38515,21333,400,144,342,25,-151,196,0,0,0,1,0
36228,2,COAST,0,39795,21333,400,144,342,25,-151,196,0,0,0,1,0
36288,2,COAST,0,41075,21333,400,144,342,25,-151,196,0,0,0,1,0
36348,2,COAST,0,42355,21333,400,144,342,25,-96,-229,0,0,0,1,0
36408,2,COAST,0,43635,21333,400,144,342,25,-96,-229,0,0,0,1,0
36470,2,COAST,0,44961,21333,400,144,342,25,-96,-229,0,0,0,1,0
36531,2,COAST,0,46259,21333,400,144,342,25,-96,-229,0,0,0,1,0
36592,2,COAST,0,47560,21333,400,144,342,25,243,41,0,0,0,1,0
36652,2,COAST,0,48840,21333,400,144,342,25,243,41,0,0,0,1,0
36712,2,COAST,0,50120,21333,400,144,342,25,243,41,0,0,0,1,0
36772,2,COAST,0,51400,21333,400,144,342,25,-147,199,0,0,0,1,0
36832,2,COAST,0,52680,21333,400,144,342,25,-147,199,0,0,0,1,0
36892,2,COAST,0,53960,21333,400,144,342,25,-147,199,0,0,0,1,0
36952,2,COAST,0,55240,21333,400,144,342,25,-147,199,0,0,0,1,0
37013,2,COAST,0,56542,21333,400,144,342,25,244,36,0,0,0,1,0
37074,2,COAST,0,57843,21333,400,144,342,25,244,36,0,0,0,1,0
37135,2,COAST,0,59144,21333,400,144,342,25,244,36,0,0,0,1,0
37195,2,COAST,0,60424,21333,400,144,342,25,245,27,0,0,0,1,0
37255,2,COAST,0,61704,21333,400,144,342,25,245,27,0,0,0,1,0
37316,2,COAST,0,63005,21333,400,144,342,25,245,27,0,0,0,1,0
37376,2,COAST,0,64285,21333,400,144,342,25,245,27,0,0,0,1,0
37436,2,COAST,0,65565,21333,400,144,342,25,-147,199,0,0,0,1,0
37496,2,COAST,0,66848,21333,400,144,342,25,-147,199,0,0,0,1,0
37557,2,COAST,0,68147,21333,0,144,342,25,-147,199,0,0,0,1,0
37618,2,COAST,0,69448,21333,0,144,342,25,-89,-232,0,0,0,1,0
37680,2,COAST,0,70782,21333,0,144,342,25,-89,-232,0,0,0,1,0
37741,2,COAST,0,72072,21333,0,144,342,25,-89,-232,0,0,0,1,0
37802,2,COAST,0,73373,21333,0,144,342,25,-147,199,0,0,0,1,0
37862,2,COAST,0,74653,21333,0,144,342,25,-147,199,0,0,0,1,0
37922,2,COAST,0,75933,21333,0,144,342,25,-147,199,0,0,0,1,0
37982,2,COAST,0,77213,21333,0,144,342,25,-100,-227,0,0,0,1,0
38042,2,COAST,0,78493,21333,0,144,342,25,-100,-227,0,0,0,1,0
38102,2,COAST,0,79774,21333,0,144,342,25,-100,-227,0,0,0,1,0
38163,2,COAST,0,81075,21333,0,144,342,25,-100,-227,0,0,0,1,0
38223,2,COAST,0,82355,21333,0,144,342,25,245,29,0,0,0,1,0
38283,2,COAST,0,83635,21333,0,144,342,25,245,29,0,0,0,1,0
38343,2,COAST,0,84915,21333,0,144,342,25,245,29,0,0,0,1,0
38404,2,COAST,0,86216,21333,0,144,342,25,-167,182,0,0,0,1,0
38464,2,COAST,0,87496,21333,0,144,342,25,-167,182,0,0,0,1,0
38524,2,COAST,0,88777,21333,0,144,342,25,-167,182,0,0,0,1,0
42052,2,FS,10,0,0,0,145,8,18,13,-248,0,0,0,1,1
42104,2,FS,11,281,0,0,145,8,18,13,-248,0,0,0,1,1
42154,2,FS,11,-147,-9478,0,145,8,18,13,-248,0,0,0,1,1
42204,2,FS,12,-109,10197,0,145,48,25,212,126,0,0,0,1,1
42254,2,FS,13,201,-3460,0,145,48,25,212,126,0,0,0,1,0
42304,2,FS,13,-172,-2447,0,145,48,25,212,126,0,0,0,1,0
42354,2,FS,13,132,4471,0,145,48,25,212,126,0,0,0,1,0
42404,2,FS,14,-101,-5571,0,145,62,25,-235,-79,0,0,0,1,0
42454,2,FS,15,63,7670,0,145,62,25,-235,-79,0,0,0,1,0
42504,2,FS,15,-57,-7714,0,145,62,25,-235,-79,0,0,0,1,0
42554,2,FS,16,47,7383,0,145,62,25,-235,-79,0,0,0,1,0
42608,2,FS,17,-84,-3603,0,145,62,25,-235,-79,0,0,0,1,0
42662,2,FS,17,92,1413,0,145,50,25,-244,-43,0,0,0,1,0
42713,2,FS,18,-88,0,0,145,50,25,-244,-43,0,0,0,1,0
42764,2,FS,19,54,-5997,0,145,50,25,-244,-43,0,0,0,1,0
42814,2,FS,19,8,6081,0,145,50,25,-244,-43,0,0,0,1,0
42864,2,FS,20,-61,-1998,0,145,34,25,150,-197,0,0,0,1,0
42914,2,FS,21,63,-2645,0,145,34,25,150,-197,0,0,0,1,0
42964,2,FS,21,-13,5521,0,145,34,25,150,-197,0,0,0,1,0
43016,2,FS,22,-56,-999,0,145,34,25,150,-197,0,0,0,1,0
43067,2,FS,23,33,-5098,0,145,50,25,244,-36,0,0,0,1,0
43118,2,FS,23,40,2998,0,145,50,25,244,-36,0,0,0,1,0
43168,2,FS,24,-40,3460,0,145,50,25,244,-36,0,0,0,1,0
43218,2,FS,24,-38,-1998,0,145,50,25,244,-36,0,0,0,1,0
43268,2,FS,25,35,-3460,0,145,44,25,219,-114,0,0,0,1,0
43318,2,FS,26,38,999,0,145,44,25,219,-114,0,0,0,1,0
43368,2,FS,26,4,4471,0,145,44,25,219,-114,0,0,0,1,0
43418,2,FS,27,-35,1998,0,145,44,25,219,-114,0,0,0,1,0
43468,2,FS,28,-31,-1998,0,145,44,25,219,-114,0,0,0,1,0
43519,2,FS,28,-2,-4122,0,145,40,25,196,-151,0,0,0,1,0
43570,2,FS,29,15,-4061,0,145,40,25,196,-151,0,0,0,1,0
43621,2,FS,30,30,-1998,0,145,40,25,196,-151,0,0,0,1,0
43671,2,FS,31,30,0,0,145,40,25,196,-151,0,0,0,1,0
43721,2,FS,31,28,0,0,145,28,25,-129,-212,0,0,0,1,0
43771,2,FS,32,26,999,0,145,28,25,-129,-212,0,0,0,1,0
43821,2,FS,32,24,999,0,145,28,25,-129,-212,0,0,0,1,0
43871,2,FS,33,25,0,0,145,28,25,-129,-212,0,0,0,1,0
43921,2,FS,33,22,999,0,145,24,25,-122,-216,0,0,0,1,0
43971,2,FS,34,17,-3391,0,145,24,25,-122,-216,0,0,0,1,0
44021,2,FS,35,-16,-2447,0,145,24,25,-122,-216,0,0,0,1,0
44075,2,FS,36,-16,2645,0,145,24,25,-122,-216,0,0,0,1,0
44126,2,FS,36,17,1413,0,145,22,25,-8,-248,0,0,0,1,0
44177,2,FS,37,20,0,0,145,22,25,-8,-248,0,0,0,1,0
44227,2,FS,37,1,-3162,0,145,22,25,-8,-248,0,0,0,1,0
44277,2,FS,38,-19,0,0,145,22,25,-8,-248,0,0,0,1,0
44327,2,FS,39,0,3000,0,145,22,25,-87,-232,0,0,0,1,0
44377,2,FS,39,18,0,0,145,22,25,-87,-232,0,0,0,1,0
44427,2,FS,40,-2,-2914,0,145,22,25,-87,-232,0,0,0,1,0
44479,2,FS,41,-16,-1413,0,145,22,25,-87,-232,0,0,0,1,0
44530,2,FS,41,-12,2645,0,145,18,25,-87,-232,0,0,0,1,0
44581,2,FS,42,14,1413,0,145,18,25,-39,-245,0,0,0,1,0
44631,2,FS,43,8,-2737,0,145,18,25,-39,-245,0,0,0,1,0
44684,2,FS,43,5,2645,0,145,18,25,-39,-245,0,0,0,1,0
44735,2,FS,44,-3,-2645,0,145,26,25,95,-229,0,0,0,1,0
44786,2,FS,45,-10,2645,0,145,26,25,95,-229,0,0,0,1,0
44836,2,FS,45,12,1413,0,145,26,25,95,-229,0,0,0,1,0
44886,2,FS,46,9,-2548,0,145,26,25,95,-229,0,0,0,1,0
44936,2,FS,46,-12,-1413,0,145,24,25,89,-231,0,0,0,1,0
44986,2,FS,47,10,1730,0,145,24,25,89,-231,0,0,0,1,0
45036,2,FS,48,-12,0,0,145,24,25,89,-231,0,0,0,1,0
45089,2,FS,48,10,-1998,0,145,24,25,89,-231,0,0,0,1,0
45140,2,FS,49,6,1730,0,145,24,25,-52,-242,0,0,0,1,0
45190,2,FS,50,-11,0,0,145,24,25,-52,-242,0,0,0,1,0
45240,2,FS,50,2,-2345,0,145,24,25,-52,-242,0,0,0,1,0
45290,2,FS,51,3,1730,0,145,24,25,-52,-242,0,0,0,1,0
45341,2,FS,52,-10,0,0,145,22,25,73,-237,0,0,0,1,0
45392,2,FS,52,1,-2235,0,145,22,25,73,-237,0,0,0,1,0
45442,2,FS,53,3,1730,0,145,22,25,73,-237,0,0,0,1,0
45494,2,FS,54,-9,0,0,145,22,25,73,-237,0,0,0,1,0
45545,2,FS,54,7,-1998,0,145,10,25,67,-238,0,0,0,1,0
45596,2,FS,55,9,0,0,145,10,25,67,-238,0,0,0,1,0
45646,2,FS,55,4,1730,0,145,10,25,67,-238,0,0,0,1,0
45696,2,FS,56,0,2000,0,145,10,25,67,-238,0,0,0,1,0
45746,2,FS,57,-4,2000,0,145,20,25,20,-247,0,0,0,1,0
45796,2,FS,57,-8,0,0,145,20,25,20,-247,0,0,0,1,0
45846,2,FS,58,-4,-1730,0,145,20,25,20,-247,0,0,0,1,0
45897,2,FS,59,6,-1998,0,145,20,25,20,-247,0,0,0,1,0
45949,2,FS,59,8,0,0,145,20,25,20,-247,0,0,0,1,0
46000,2,FS,60,0,1870,0,145,10,25,-28,-246,0,0,0,1,0
46051,2,FS,61,-7,0,0,145,10,25,-28,-246,0,0,0,1,0
46101,2,FS,61,-7,0,0,145,10,25,-28,-246,0,0,0,1,0
46151,2,FS,62,-5,-999,0,145,10,25,-28,-246,0,0,0,1,0
46201,2,FS,63,5,-1870,0,145,8,25,12,-248,0,0,0,1,0
46251,2,FS,63,7,0,0,145,8,25,12,-248,0,0,0,1,0
46301,2,FS,64,6,0,0,145,8,25,12,-248,0,0,0,1,0
46351,2,FS,64,5,0,0,145,8,25,12,-248,0,0,0,1,0
46401,2,FS,65,-4,1731,0,145,8,25,48,-243,0,0,0,1,0
46451,2,FS,66,-6,0,0,145,8,25,48,-243,0,0,0,1,0
46502,2,FS,66,-6,0,0,145,8,25,48,-243,0,0,0,1,0
46556,2,FS,67,-6,0,0,145,8,25,48,-243,0,0,0,1,0
46607,2,FS,68,-5,0,0,145,4,25,50,-243,0,0,0,1,0
46657,2,FS,68,4,-1731,0,145,4,25,50,-243,0,0,0,1,0
46708,2,FS,69,4,-1413,0,145,4,25,50,-243,0,0,0,1,0
46758,2,FS,70,1,-1581,0,145,4,25,50,-243,0,0,0,1,0
46809,2,FS,70,-3,-999,0,145,2,25,9,-248,0,0,0,1,0
46859,2,FS,71,-5,0,0,145,2,25,9,-248,0,0,0,1,0
46909,2,FS,72,-5,0,0,145,2,25,9,-248,0,0,0,1,0
46959,2,FS,72,-5,0,0,145,2,25,9,-248,0,0,0,1,0
47009,2,FS,73,-3,1581,0,145,2,25,39,-245,0,0,0,1,0
47059,2,FS,73,0,1581,0,145,2,25,39,-245,0,0,0,1,0
47113,2,FS,74,3,999,0,145,2,25,39,-245,0,0,0,1,0
47165,2,FS,75,3,999,0,145,2,25,39,-245,0,0,0,1,0
